subreddit,post_id,post_sentiment,post_title,total_comments,url
ArtificialInteligence,001,neutral,"""AI is gonna ruin the world!""",100,['https://www.reddit.com/r/ArtificialInteligence/comments/15u0b1p/ai_is_gonna_ruin_the_world/']
ArtistLounge,002,positive,What scares me the most about AI art is that it may make humans stop doing art,130,['https://www.reddit.com/r/ArtistLounge/comments/1701von/what_scares_me_the_most_about_ai_art_is_that_it/']
CasualConversation,003,positive,"My parents have always said new technology scares them. I didn't understand since new things always seemed exciting to me. But GTP-4 has, for the first time, made me scared. My thoughts on change.",157,['https://www.reddit.com/r/CasualConversation/comments/121vk3k/my_parents_have_always_said_new_technology_scares/']
FinancialCareers,004,neutral,I’m so scared of AI.,91,['https://www.reddit.com/r/FinancialCareers/comments/122c3qk/im_so_scared_of_ai/']
Futurology,005,positive,"AI fear-mongering is irrational panic, and it’s getting old real quick.",422,"['https://www.reddit.com/r/Futurology/comments/zo2ugk/ai_fearmongering_is_irrational_panic_and_its/', 'https://www.reddit.com/r/Futurology/comments/133tcrs/is_doomsday_talk_about_ai_a_result_of/']"
Futurology,006,positive,Is doomsday talk about AI a result of billionaires fear of new market forces?,247,"['https://www.reddit.com/r/Futurology/comments/zo2ugk/ai_fearmongering_is_irrational_panic_and_its/', 'https://www.reddit.com/r/Futurology/comments/133tcrs/is_doomsday_talk_about_ai_a_result_of/']"
RandomThoughts,007,positive,Ai is going to ruin so many peoples lives so quickly its scary.,1470,['https://www.reddit.com/r/RandomThoughts/comments/125y0vu/ai_is_going_to_ruin_so_many_peoples_lives_so/']
StableDiffusion,008,negative,"Seriously, what's with the rampant AI-phobia that has suddenly been picked up among the general unsuspecting public?",216,['https://www.reddit.com/r/StableDiffusion/comments/16q0hun/seriously_whats_with_the_rampant_aiphobia_that/']
intj,009,negative,Is the future of AI terrifying to anybody else?,44,['https://www.reddit.com/r/intj/comments/11mxwjy/is_the_future_of_ai_terrifying_to_anybody_else/']
singularity,010,neutral,How Frightened Should We Be of A.I.?,84,"['https://www.reddit.com/r/singularity/comments/132kgur/i_dont_fear_malicious_or_rogue_ai_i_fear_how_ai/', 'https://www.reddit.com/r/singularity/comments/wnzsyz/why_everyones_afraid_of_ai/', 'https://www.reddit.com/r/singularity/comments/11i6m4j/what_scenarios_do_you_fear_the_most_in_the_age_of/', 'https://www.reddit.com/r/singularity/comments/x8io8i/why_does_everyone_want_to_fear_ai/', 'https://www.reddit.com/r/singularity/comments/11nyzj9/rapid_ai_progress_makes_me_feel_really_anxious/', 'https://www.reddit.com/r/singularity/comments/16j8kyb/if_you_worry_about_humanity_you_should_be_more/', 'https://www.reddit.com/r/singularity/comments/8mrnyj/how_frightened_should_we_be_of_ai/']"
singularity,011,negative,I don't fear malicious or rogue AI - I fear how AI will be leveraged by the wrong people for the wrong purposes,149,"['https://www.reddit.com/r/singularity/comments/132kgur/i_dont_fear_malicious_or_rogue_ai_i_fear_how_ai/', 'https://www.reddit.com/r/singularity/comments/wnzsyz/why_everyones_afraid_of_ai/', 'https://www.reddit.com/r/singularity/comments/11i6m4j/what_scenarios_do_you_fear_the_most_in_the_age_of/', 'https://www.reddit.com/r/singularity/comments/x8io8i/why_does_everyone_want_to_fear_ai/', 'https://www.reddit.com/r/singularity/comments/11nyzj9/rapid_ai_progress_makes_me_feel_really_anxious/', 'https://www.reddit.com/r/singularity/comments/16j8kyb/if_you_worry_about_humanity_you_should_be_more/', 'https://www.reddit.com/r/singularity/comments/8mrnyj/how_frightened_should_we_be_of_ai/']"
singularity,012,positive,"If you worry about humanity, you should be more scared of humans than of AI",121,"['https://www.reddit.com/r/singularity/comments/132kgur/i_dont_fear_malicious_or_rogue_ai_i_fear_how_ai/', 'https://www.reddit.com/r/singularity/comments/wnzsyz/why_everyones_afraid_of_ai/', 'https://www.reddit.com/r/singularity/comments/11i6m4j/what_scenarios_do_you_fear_the_most_in_the_age_of/', 'https://www.reddit.com/r/singularity/comments/x8io8i/why_does_everyone_want_to_fear_ai/', 'https://www.reddit.com/r/singularity/comments/11nyzj9/rapid_ai_progress_makes_me_feel_really_anxious/', 'https://www.reddit.com/r/singularity/comments/16j8kyb/if_you_worry_about_humanity_you_should_be_more/', 'https://www.reddit.com/r/singularity/comments/8mrnyj/how_frightened_should_we_be_of_ai/']"
singularity,013,negative,Rapid AI progress makes me feel really anxious about the future,246,"['https://www.reddit.com/r/singularity/comments/132kgur/i_dont_fear_malicious_or_rogue_ai_i_fear_how_ai/', 'https://www.reddit.com/r/singularity/comments/wnzsyz/why_everyones_afraid_of_ai/', 'https://www.reddit.com/r/singularity/comments/11i6m4j/what_scenarios_do_you_fear_the_most_in_the_age_of/', 'https://www.reddit.com/r/singularity/comments/x8io8i/why_does_everyone_want_to_fear_ai/', 'https://www.reddit.com/r/singularity/comments/11nyzj9/rapid_ai_progress_makes_me_feel_really_anxious/', 'https://www.reddit.com/r/singularity/comments/16j8kyb/if_you_worry_about_humanity_you_should_be_more/', 'https://www.reddit.com/r/singularity/comments/8mrnyj/how_frightened_should_we_be_of_ai/']"
singularity,014,positive,What scenarios do you fear the most in the age of AI and the singularity?,147,"['https://www.reddit.com/r/singularity/comments/132kgur/i_dont_fear_malicious_or_rogue_ai_i_fear_how_ai/', 'https://www.reddit.com/r/singularity/comments/wnzsyz/why_everyones_afraid_of_ai/', 'https://www.reddit.com/r/singularity/comments/11i6m4j/what_scenarios_do_you_fear_the_most_in_the_age_of/', 'https://www.reddit.com/r/singularity/comments/x8io8i/why_does_everyone_want_to_fear_ai/', 'https://www.reddit.com/r/singularity/comments/11nyzj9/rapid_ai_progress_makes_me_feel_really_anxious/', 'https://www.reddit.com/r/singularity/comments/16j8kyb/if_you_worry_about_humanity_you_should_be_more/', 'https://www.reddit.com/r/singularity/comments/8mrnyj/how_frightened_should_we_be_of_ai/']"
singularity,015,neutral,Why does everyone want to fear AI?,129,"['https://www.reddit.com/r/singularity/comments/132kgur/i_dont_fear_malicious_or_rogue_ai_i_fear_how_ai/', 'https://www.reddit.com/r/singularity/comments/wnzsyz/why_everyones_afraid_of_ai/', 'https://www.reddit.com/r/singularity/comments/11i6m4j/what_scenarios_do_you_fear_the_most_in_the_age_of/', 'https://www.reddit.com/r/singularity/comments/x8io8i/why_does_everyone_want_to_fear_ai/', 'https://www.reddit.com/r/singularity/comments/11nyzj9/rapid_ai_progress_makes_me_feel_really_anxious/', 'https://www.reddit.com/r/singularity/comments/16j8kyb/if_you_worry_about_humanity_you_should_be_more/', 'https://www.reddit.com/r/singularity/comments/8mrnyj/how_frightened_should_we_be_of_ai/']"
singularity,016,negative,Why everyone's afraid of AI,120,"['https://www.reddit.com/r/singularity/comments/132kgur/i_dont_fear_malicious_or_rogue_ai_i_fear_how_ai/', 'https://www.reddit.com/r/singularity/comments/wnzsyz/why_everyones_afraid_of_ai/', 'https://www.reddit.com/r/singularity/comments/11i6m4j/what_scenarios_do_you_fear_the_most_in_the_age_of/', 'https://www.reddit.com/r/singularity/comments/x8io8i/why_does_everyone_want_to_fear_ai/', 'https://www.reddit.com/r/singularity/comments/11nyzj9/rapid_ai_progress_makes_me_feel_really_anxious/', 'https://www.reddit.com/r/singularity/comments/16j8kyb/if_you_worry_about_humanity_you_should_be_more/', 'https://www.reddit.com/r/singularity/comments/8mrnyj/how_frightened_should_we_be_of_ai/']"
technology,017,positive,Police in England installed an AI camera system along a major road. It caught almost 300 drivers in its first 3 days.,670,['https://www.reddit.com/r/technology/comments/15wnpav/police_in_england_installed_an_ai_camera_system/']
